<?xml version="1.0" encoding="UTF-8" standalone="yes"?>
<addon id="plugin.program.gnext18NotBuffer" name="gnext18NotBuffer" version="1.5" provider-name="gNext18latino">
  <requires>
    <import addon="xbmc.python" version="2.14.0"/>	
</requires>
  <extension point="xbmc.python.pluginsource" library="default.py">
    <provides>executable</provides>
  </extension>
  <extension point="xbmc.service" library="startup.py" start="startup" />
  <extension point="xbmc.addon.metadata">
  <summary>gnext18NotBuffer</summary>
  <description>Configura la carga del buffer y la limpieza en tu Kodi.</description>

	
	  <platform>all</platform>
	  <assets>
      <icon>icon.png</icon>
      <fanart>fanart.jpg</fanart>
    				
    </assets>
    <license>GNU/GPL - v3</license>
 
    <website></website>
    <email></email>
    <source>gNext18latino</source>
  </extension> 
</addon>